sequence,mean,std
SHSSCRVTTEIGCGGGS,268.3333333333333,0
SHSSCVACAKSACGGGS,222.66666666666663,0
SHSSCHNPASTTCGGGS,221.0,0
SHSSCNKQKDTTCGGGS,215.0,0
SHSSCQKNAPQTCGGGS,189.66666666666663,0
SHSSCQTKTYQTCGGGS,189.33333333333334,0
SHSSCHDVTAPTCGGGS,186.66666666666663,0
SHSSCQPPTHTNCGGGS,184.33333333333337,0
SHSSCPMRYVPQCGGGS,180.33333333333337,0
SHSSCQSPISPTCGGGS,179.66666666666666,0
SHSSCARLYYHMCGGGS,175.0,0
SHSSCNQTRPQQCGGGS,173.33333333333334,0
SHSSCPQRTHGACGGGS,172.66666666666666,0
SHSSCNLPSPPNCGGGS,166.33333333333334,0
SHSSCSTPPTTTCGGGS,166.0,0
SHSSCDLIHGSMCGGGS,161.66666666666666,0
SHSSCPMPTLPTCGGGS,158.33333333333334,0
SHSSCEGLEMRKCGGGS,156.0,0
SHSSCQIHSASVCGGGS,155.33333333333334,0
SHSSCRAPAGPFCGGGS,153.0,0
SHSSCAPTTGHHCGGGS,153.0,0
SHSSCHEGWMAGCGGGS,152.0,0
SHSSCLLTPRTVCGGGS,151.33333333333334,0
SHSSCTTPAPHHCGGGS,151.0,0
SHSSCLMSIGTTCGGGS,148.66666666666666,0
SHSSCAVGVGVFCGGGS,148.0,0
SHSSCTAIAWHVCGGGS,146.0,0
SHSSCHVRTGHVCGGGS,144.66666666666666,0
SHSSCEVPLGVRCGGGS,143.66666666666666,0
SHSSCKTHTHTSCGGGS,143.0,0
SHSSCKTTTHTQCGGGS,129.33333333333334,0
SHSSCTQQTQHNCGGGS,118.33333333333333,0
SHSSCMHPSAPTCGGGS,116.66666666666664,0
SHSSCHPPSQPTCGGGS,108.33333333333333,0
SHSSCGTGKHGGCGGGS,105.00000000000001,0
SHSSCGGIERGRCGGGS,104.66666666666664,0
SHSSCRSTTEPTCGGGS,104.66666666666664,0
SHSSCKAQTPTTCGGGS,103.00000000000001,0
SHSSCTTQTQHLCGGGS,102.66666666666664,0
SHSSCHVTTFRTCGGGS,101.33333333333333,0
SHSSCHKQINHKCGGGS,100.66666666666664,0
SHSSCKPETDNTCGGGS,100.33333333333333,0
SHSSCGAENGRRCGGGS,96.33333333333333,0
